CountryName,Superhero,Universe,Year_of_appearance,Image,Universe Logo,ISO_A3,Population,CountryCode,ContinentCode,CenterLongitude,CenterLatitude
Afghanistan,Black Panther,Marvel,2018,https://www.tailorbrands.com/wp-content/uploads/2020/03/Black-Panther-1.jpg,https://upload.wikimedia.org/wikipedia/commons/thumb/b/b9/Marvel_Logo.svg/2560px-Marvel_Logo.svg.png,AFG,41129000,AF,AS,65.0,33.0
Antigua and Barbuda,Black Panther,Marvel,2018,https://www.tailorbrands.com/wp-content/uploads/2020/03/Black-Panther-1.jpg,https://upload.wikimedia.org/wikipedia/commons/thumb/b/b9/Marvel_Logo.svg/2560px-Marvel_Logo.svg.png,ATG,94000,AG,NA,-61.8,17.05
Bahrain,Black Panther,Marvel,2018,https://www.tailorbrands.com/wp-content/uploads/2020/03/Black-Panther-1.jpg,https://upload.wikimedia.org/wikipedia/commons/thumb/b/b9/Marvel_Logo.svg/2560px-Marvel_Logo.svg.png,BHR,1472000,BH,AS,50.5,26.0
Belize,Black Panther,Marvel,2018,https://www.tailorbrands.com/wp-content/uploads/2020/03/Black-Panther-1.jpg,https://upload.wikimedia.org/wikipedia/commons/thumb/b/b9/Marvel_Logo.svg/2560px-Marvel_Logo.svg.png,BLZ,405000,BZ,NA,-88.75,17.25
Benin,Black Panther,Marvel,2018,https://www.tailorbrands.com/wp-content/uploads/2020/03/Black-Panther-1.jpg,https://upload.wikimedia.org/wikipedia/commons/thumb/b/b9/Marvel_Logo.svg/2560px-Marvel_Logo.svg.png,BEN,13353000,BJ,AF,2.25,9.5
Botswana,Black Panther,Marvel,2018,https://www.tailorbrands.com/wp-content/uploads/2020/03/Black-Panther-1.jpg,https://upload.wikimedia.org/wikipedia/commons/thumb/b/b9/Marvel_Logo.svg/2560px-Marvel_Logo.svg.png,BWA,2630000,BW,AF,24.0,-22.0
Burkina Faso,Black Panther,Marvel,2018,https://www.tailorbrands.com/wp-content/uploads/2020/03/Black-Panther-1.jpg,https://upload.wikimedia.org/wikipedia/commons/thumb/b/b9/Marvel_Logo.svg/2560px-Marvel_Logo.svg.png,BFA,22674000,BF,AF,-2.0,13.0
Cameroon,Black Panther,Marvel,2018,https://www.tailorbrands.com/wp-content/uploads/2020/03/Black-Panther-1.jpg,https://upload.wikimedia.org/wikipedia/commons/thumb/b/b9/Marvel_Logo.svg/2560px-Marvel_Logo.svg.png,CMR,27915000,CM,AF,12.0,6.0
Canada,Black Panther,Marvel,2018,https://www.tailorbrands.com/wp-content/uploads/2020/03/Black-Panther-1.jpg,https://upload.wikimedia.org/wikipedia/commons/thumb/b/b9/Marvel_Logo.svg/2560px-Marvel_Logo.svg.png,CAN,38454000,CA,NA,-96.0,60.0
Democratic Republic of the Congo,Black Panther,Marvel,2018,https://www.tailorbrands.com/wp-content/uploads/2020/03/Black-Panther-1.jpg,https://upload.wikimedia.org/wikipedia/commons/thumb/b/b9/Marvel_Logo.svg/2560px-Marvel_Logo.svg.png,COD,99010000,DR,AF,,
Ivory Coast,Black Panther,Marvel,2018,https://www.tailorbrands.com/wp-content/uploads/2020/03/Black-Panther-1.jpg,https://upload.wikimedia.org/wikipedia/commons/thumb/b/b9/Marvel_Logo.svg/2560px-Marvel_Logo.svg.png,CIV,27481086,IC,AF,,
Djibouti,Black Panther,Marvel,2018,https://www.tailorbrands.com/wp-content/uploads/2020/03/Black-Panther-1.jpg,https://upload.wikimedia.org/wikipedia/commons/thumb/b/b9/Marvel_Logo.svg/2560px-Marvel_Logo.svg.png,DJI,1121000,DJ,AF,42.5,11.5
Estonia,Black Panther,Marvel,2018,https://www.tailorbrands.com/wp-content/uploads/2020/03/Black-Panther-1.jpg,https://upload.wikimedia.org/wikipedia/commons/thumb/b/b9/Marvel_Logo.svg/2560px-Marvel_Logo.svg.png,EST,1326000,EE,EU,26.0,59.0
Ethiopia,Black Panther,Marvel,2018,https://www.tailorbrands.com/wp-content/uploads/2020/03/Black-Panther-1.jpg,https://upload.wikimedia.org/wikipedia/commons/thumb/b/b9/Marvel_Logo.svg/2560px-Marvel_Logo.svg.png,ETH,123380000,ET,AF,39.0,8.0
Gabon,Black Panther,Marvel,2018,https://www.tailorbrands.com/wp-content/uploads/2020/03/Black-Panther-1.jpg,https://upload.wikimedia.org/wikipedia/commons/thumb/b/b9/Marvel_Logo.svg/2560px-Marvel_Logo.svg.png,GAB,2389000,GA,AF,11.75,-1.0
Ghana,Black Panther,Marvel,2018,https://www.tailorbrands.com/wp-content/uploads/2020/03/Black-Panther-1.jpg,https://upload.wikimedia.org/wikipedia/commons/thumb/b/b9/Marvel_Logo.svg/2560px-Marvel_Logo.svg.png,GHA,33476000,GH,AF,-2.0,8.0
Guyana,Black Panther,Marvel,2018,https://www.tailorbrands.com/wp-content/uploads/2020/03/Black-Panther-1.jpg,https://upload.wikimedia.org/wikipedia/commons/thumb/b/b9/Marvel_Logo.svg/2560px-Marvel_Logo.svg.png,GUY,809000,GY,SA,-59.0,5.0
Haiti,Black Panther,Marvel,2018,https://www.tailorbrands.com/wp-content/uploads/2020/03/Black-Panther-1.jpg,https://upload.wikimedia.org/wikipedia/commons/thumb/b/b9/Marvel_Logo.svg/2560px-Marvel_Logo.svg.png,HTI,11585000,HT,NA,-72.42,19.0
Ireland,Black Panther,Marvel,2018,https://www.tailorbrands.com/wp-content/uploads/2020/03/Black-Panther-1.jpg,https://upload.wikimedia.org/wikipedia/commons/thumb/b/b9/Marvel_Logo.svg/2560px-Marvel_Logo.svg.png,IRL,5023000,IE,EU,-8.0,53.0
Jamaica,Black Panther,Marvel,2018,https://www.tailorbrands.com/wp-content/uploads/2020/03/Black-Panther-1.jpg,https://upload.wikimedia.org/wikipedia/commons/thumb/b/b9/Marvel_Logo.svg/2560px-Marvel_Logo.svg.png,JAM,2827000,JM,NA,-77.5,18.25
Jordan,Black Panther,Marvel,2018,https://www.tailorbrands.com/wp-content/uploads/2020/03/Black-Panther-1.jpg,https://upload.wikimedia.org/wikipedia/commons/thumb/b/b9/Marvel_Logo.svg/2560px-Marvel_Logo.svg.png,JOR,11286000,JO,AS,36.0,31.0
Kenya,Black Panther,Marvel,2018,https://www.tailorbrands.com/wp-content/uploads/2020/03/Black-Panther-1.jpg,https://upload.wikimedia.org/wikipedia/commons/thumb/b/b9/Marvel_Logo.svg/2560px-Marvel_Logo.svg.png,KEN,54027000,KE,AF,38.0,1.0
South Korea,Black Panther,Marvel,2018,https://www.tailorbrands.com/wp-content/uploads/2020/03/Black-Panther-1.jpg,https://upload.wikimedia.org/wikipedia/commons/thumb/b/b9/Marvel_Logo.svg/2560px-Marvel_Logo.svg.png,KOR,51391128,SK,,,
Kuwait,Black Panther,Marvel,2018,https://www.tailorbrands.com/wp-content/uploads/2020/03/Black-Panther-1.jpg,https://upload.wikimedia.org/wikipedia/commons/thumb/b/b9/Marvel_Logo.svg/2560px-Marvel_Logo.svg.png,KWT,4269000,KW,AS,47.75,29.5
Macedonia,Black Panther,Marvel,2018,https://www.tailorbrands.com/wp-content/uploads/2020/03/Black-Panther-1.jpg,https://upload.wikimedia.org/wikipedia/commons/thumb/b/b9/Marvel_Logo.svg/2560px-Marvel_Logo.svg.png,MKD,2083138,MK,EU,22.0,41.83
Malawi,Black Panther,Marvel,2018,https://www.tailorbrands.com/wp-content/uploads/2020/03/Black-Panther-1.jpg,https://upload.wikimedia.org/wikipedia/commons/thumb/b/b9/Marvel_Logo.svg/2560px-Marvel_Logo.svg.png,MWI,20405000,MW,AF,34.0,-13.5
Mali,Black Panther,Marvel,2018,https://www.tailorbrands.com/wp-content/uploads/2020/03/Black-Panther-1.jpg,https://upload.wikimedia.org/wikipedia/commons/thumb/b/b9/Marvel_Logo.svg/2560px-Marvel_Logo.svg.png,MLI,22594000,ML,AF,-4.0,17.0
Namibia,Black Panther,Marvel,2018,https://www.tailorbrands.com/wp-content/uploads/2020/03/Black-Panther-1.jpg,https://upload.wikimedia.org/wikipedia/commons/thumb/b/b9/Marvel_Logo.svg/2560px-Marvel_Logo.svg.png,NAM,2567000,NA,AF,17.0,-22.0
New Zealand,Black Panther,Marvel,2018,https://www.tailorbrands.com/wp-content/uploads/2020/03/Black-Panther-1.jpg,https://upload.wikimedia.org/wikipedia/commons/thumb/b/b9/Marvel_Logo.svg/2560px-Marvel_Logo.svg.png,NZL,5185000,NZ,OC,174.0,-42.0
Niger,Black Panther,Marvel,2018,https://www.tailorbrands.com/wp-content/uploads/2020/03/Black-Panther-1.jpg,https://upload.wikimedia.org/wikipedia/commons/thumb/b/b9/Marvel_Logo.svg/2560px-Marvel_Logo.svg.png,NER,26208000,NE,AF,8.0,16.0
Nigeria,Black Panther,Marvel,2018,https://www.tailorbrands.com/wp-content/uploads/2020/03/Black-Panther-1.jpg,https://upload.wikimedia.org/wikipedia/commons/thumb/b/b9/Marvel_Logo.svg/2560px-Marvel_Logo.svg.png,NGA,218541000,NG,AF,8.0,10.0
Oman,Black Panther,Marvel,2018,https://www.tailorbrands.com/wp-content/uploads/2020/03/Black-Panther-1.jpg,https://upload.wikimedia.org/wikipedia/commons/thumb/b/b9/Marvel_Logo.svg/2560px-Marvel_Logo.svg.png,OMN,4576000,OM,AS,57.0,21.0
Qatar,Black Panther,Marvel,2018,https://www.tailorbrands.com/wp-content/uploads/2020/03/Black-Panther-1.jpg,https://upload.wikimedia.org/wikipedia/commons/thumb/b/b9/Marvel_Logo.svg/2560px-Marvel_Logo.svg.png,QAT,2695000,QA,AS,51.25,25.5
Rwanda,Black Panther,Marvel,2018,https://www.tailorbrands.com/wp-content/uploads/2020/03/Black-Panther-1.jpg,https://upload.wikimedia.org/wikipedia/commons/thumb/b/b9/Marvel_Logo.svg/2560px-Marvel_Logo.svg.png,RWA,13777000,RW,AF,30.0,-2.0
Saudi Arabia,Black Panther,Marvel,2018,https://www.tailorbrands.com/wp-content/uploads/2020/03/Black-Panther-1.jpg,https://upload.wikimedia.org/wikipedia/commons/thumb/b/b9/Marvel_Logo.svg/2560px-Marvel_Logo.svg.png,SAU,36409000,SA,AS,45.0,25.0
Senegal,Black Panther,Marvel,2018,https://www.tailorbrands.com/wp-content/uploads/2020/03/Black-Panther-1.jpg,https://upload.wikimedia.org/wikipedia/commons/thumb/b/b9/Marvel_Logo.svg/2560px-Marvel_Logo.svg.png,SEN,17316000,SN,AF,-14.0,14.0
South Africa,Black Panther,Marvel,2018,https://www.tailorbrands.com/wp-content/uploads/2020/03/Black-Panther-1.jpg,https://upload.wikimedia.org/wikipedia/commons/thumb/b/b9/Marvel_Logo.svg/2560px-Marvel_Logo.svg.png,ZAF,59894000,ZA,AF,26.0,-30.0
United Republic of Tanzania,Black Panther,Marvel,2018,https://www.tailorbrands.com/wp-content/uploads/2020/03/Black-Panther-1.jpg,https://upload.wikimedia.org/wikipedia/commons/thumb/b/b9/Marvel_Logo.svg/2560px-Marvel_Logo.svg.png,TZA,65498000,,,,
Thailand,Black Panther,Marvel,2018,https://www.tailorbrands.com/wp-content/uploads/2020/03/Black-Panther-1.jpg,https://upload.wikimedia.org/wikipedia/commons/thumb/b/b9/Marvel_Logo.svg/2560px-Marvel_Logo.svg.png,THA,71697000,TH,AS,100.0,15.0
Togo,Black Panther,Marvel,2018,https://www.tailorbrands.com/wp-content/uploads/2020/03/Black-Panther-1.jpg,https://upload.wikimedia.org/wikipedia/commons/thumb/b/b9/Marvel_Logo.svg/2560px-Marvel_Logo.svg.png,TGO,8849000,TG,AF,1.17,8.0
Trinidad and Tobago,Black Panther,Marvel,2018,https://www.tailorbrands.com/wp-content/uploads/2020/03/Black-Panther-1.jpg,https://upload.wikimedia.org/wikipedia/commons/thumb/b/b9/Marvel_Logo.svg/2560px-Marvel_Logo.svg.png,TTO,1531000,TT,NA,-61.0,11.0
United Arab Emirates,Black Panther,Marvel,2018,https://www.tailorbrands.com/wp-content/uploads/2020/03/Black-Panther-1.jpg,https://upload.wikimedia.org/wikipedia/commons/thumb/b/b9/Marvel_Logo.svg/2560px-Marvel_Logo.svg.png,ARE,9441000,AE,AS,54.0,24.0
United States of America,Black Panther,Marvel,2018,https://www.tailorbrands.com/wp-content/uploads/2020/03/Black-Panther-1.jpg,https://upload.wikimedia.org/wikipedia/commons/thumb/b/b9/Marvel_Logo.svg/2560px-Marvel_Logo.svg.png,USA,338290000,,,,
British Virgin Islands,Black Panther,Marvel,2018,https://www.tailorbrands.com/wp-content/uploads/2020/03/Black-Panther-1.jpg,https://upload.wikimedia.org/wikipedia/commons/thumb/b/b9/Marvel_Logo.svg/2560px-Marvel_Logo.svg.png,VGB,31000,,,,
Zambia,Black Panther,Marvel,2018,https://www.tailorbrands.com/wp-content/uploads/2020/03/Black-Panther-1.jpg,https://upload.wikimedia.org/wikipedia/commons/thumb/b/b9/Marvel_Logo.svg/2560px-Marvel_Logo.svg.png,ZMB,20018000,ZM,AF,30.0,-15.0
Zimbabwe,Black Panther,Marvel,2018,https://www.tailorbrands.com/wp-content/uploads/2020/03/Black-Panther-1.jpg,https://upload.wikimedia.org/wikipedia/commons/thumb/b/b9/Marvel_Logo.svg/2560px-Marvel_Logo.svg.png,ZWE,16321000,ZW,AF,29.0,-19.0
Albania,Spider Man,Marvel,2002,https://i.etsystatic.com/27043408/r/il/74bda1/3449896728/il_fullxfull.3449896728_mwly.jpg,https://upload.wikimedia.org/wikipedia/commons/thumb/b/b9/Marvel_Logo.svg/2560px-Marvel_Logo.svg.png,ALB,2842000,AL,EU,20.0,41.0
Algeria,Spider Man,Marvel,2002,https://i.etsystatic.com/27043408/r/il/74bda1/3449896728/il_fullxfull.3449896728_mwly.jpg,https://upload.wikimedia.org/wikipedia/commons/thumb/b/b9/Marvel_Logo.svg/2560px-Marvel_Logo.svg.png,DZA,44903000,DZ,AF,3.0,28.0
Andorra,Spider Man,Marvel,2002,https://i.etsystatic.com/27043408/r/il/74bda1/3449896728/il_fullxfull.3449896728_mwly.jpg,https://upload.wikimedia.org/wikipedia/commons/thumb/b/b9/Marvel_Logo.svg/2560px-Marvel_Logo.svg.png,AND,80000,AD,EU,1.5,42.5
Argentina,Spider Man,Marvel,2002,https://i.etsystatic.com/27043408/r/il/74bda1/3449896728/il_fullxfull.3449896728_mwly.jpg,https://upload.wikimedia.org/wikipedia/commons/thumb/b/b9/Marvel_Logo.svg/2560px-Marvel_Logo.svg.png,ARG,45510000,AR,SA,-64.0,-34.0
Armenia,Spider Man,Marvel,2002,https://i.etsystatic.com/27043408/r/il/74bda1/3449896728/il_fullxfull.3449896728_mwly.jpg,https://upload.wikimedia.org/wikipedia/commons/thumb/b/b9/Marvel_Logo.svg/2560px-Marvel_Logo.svg.png,ARM,2780000,AM,AS,45.0,40.0
Azerbaijan,Spider Man,Marvel,2002,https://i.etsystatic.com/27043408/r/il/74bda1/3449896728/il_fullxfull.3449896728_mwly.jpg,https://upload.wikimedia.org/wikipedia/commons/thumb/b/b9/Marvel_Logo.svg/2560px-Marvel_Logo.svg.png,AZE,10358000,AZ,AS,47.5,40.5
Belgium,Spider Man,Marvel,2002,https://i.etsystatic.com/27043408/r/il/74bda1/3449896728/il_fullxfull.3449896728_mwly.jpg,https://upload.wikimedia.org/wikipedia/commons/thumb/b/b9/Marvel_Logo.svg/2560px-Marvel_Logo.svg.png,BEL,11656000,BE,EU,4.0,50.83
Bosnia and Herzegovina,Spider Man,Marvel,2002,https://i.etsystatic.com/27043408/r/il/74bda1/3449896728/il_fullxfull.3449896728_mwly.jpg,https://upload.wikimedia.org/wikipedia/commons/thumb/b/b9/Marvel_Logo.svg/2560px-Marvel_Logo.svg.png,BIH,3234000,BA,EU,17.83,44.25
Bulgaria,Spider Man,Marvel,2002,https://i.etsystatic.com/27043408/r/il/74bda1/3449896728/il_fullxfull.3449896728_mwly.jpg,https://upload.wikimedia.org/wikipedia/commons/thumb/b/b9/Marvel_Logo.svg/2560px-Marvel_Logo.svg.png,BGR,6782000,BG,EU,25.0,43.0
Ecuador,Spider Man,Marvel,2002,https://i.etsystatic.com/27043408/r/il/74bda1/3449896728/il_fullxfull.3449896728_mwly.jpg,https://upload.wikimedia.org/wikipedia/commons/thumb/b/b9/Marvel_Logo.svg/2560px-Marvel_Logo.svg.png,ECU,18001000,EC,SA,-77.5,-2.0
Italy,Spider Man,Marvel,2002,https://i.etsystatic.com/27043408/r/il/74bda1/3449896728/il_fullxfull.3449896728_mwly.jpg,https://upload.wikimedia.org/wikipedia/commons/thumb/b/b9/Marvel_Logo.svg/2560px-Marvel_Logo.svg.png,ITA,59037000,IT,EU,12.83,42.83
Laos,Spider Man,Marvel,2002,https://i.etsystatic.com/27043408/r/il/74bda1/3449896728/il_fullxfull.3449896728_mwly.jpg,https://upload.wikimedia.org/wikipedia/commons/thumb/b/b9/Marvel_Logo.svg/2560px-Marvel_Logo.svg.png,LAO,7567688,LA,AS,105.0,18.0
Madagascar,Spider Man,Marvel,2002,https://i.etsystatic.com/27043408/r/il/74bda1/3449896728/il_fullxfull.3449896728_mwly.jpg,https://upload.wikimedia.org/wikipedia/commons/thumb/b/b9/Marvel_Logo.svg/2560px-Marvel_Logo.svg.png,MDG,29612000,MG,AF,47.0,-20.0
Mexico,Spider Man,Marvel,2002,https://i.etsystatic.com/27043408/r/il/74bda1/3449896728/il_fullxfull.3449896728_mwly.jpg,https://upload.wikimedia.org/wikipedia/commons/thumb/b/b9/Marvel_Logo.svg/2560px-Marvel_Logo.svg.png,MEX,127504000,MX,NA,-102.0,23.0
Montenegro,Spider Man,Marvel,2002,https://i.etsystatic.com/27043408/r/il/74bda1/3449896728/il_fullxfull.3449896728_mwly.jpg,https://upload.wikimedia.org/wikipedia/commons/thumb/b/b9/Marvel_Logo.svg/2560px-Marvel_Logo.svg.png,MNE,627000,ME,EU,19.2,42.8
Morocco,Spider Man,Marvel,2002,https://i.etsystatic.com/27043408/r/il/74bda1/3449896728/il_fullxfull.3449896728_mwly.jpg,https://upload.wikimedia.org/wikipedia/commons/thumb/b/b9/Marvel_Logo.svg/2560px-Marvel_Logo.svg.png,MAR,37458000,MA,AF,-5.0,32.0
Peru,Spider Man,Marvel,2002,https://i.etsystatic.com/27043408/r/il/74bda1/3449896728/il_fullxfull.3449896728_mwly.jpg,https://upload.wikimedia.org/wikipedia/commons/thumb/b/b9/Marvel_Logo.svg/2560px-Marvel_Logo.svg.png,PER,34050000,PE,SA,-76.0,-10.0
Slovakia,Spider Man,Marvel,2002,https://i.etsystatic.com/27043408/r/il/74bda1/3449896728/il_fullxfull.3449896728_mwly.jpg,https://upload.wikimedia.org/wikipedia/commons/thumb/b/b9/Marvel_Logo.svg/2560px-Marvel_Logo.svg.png,SVK,5643000,SK,EU,19.5,48.67
Spain,Spider Man,Marvel,2002,https://i.etsystatic.com/27043408/r/il/74bda1/3449896728/il_fullxfull.3449896728_mwly.jpg,https://upload.wikimedia.org/wikipedia/commons/thumb/b/b9/Marvel_Logo.svg/2560px-Marvel_Logo.svg.png,ESP,47559000,ES,EU,-4.0,40.0
Tunisia,Spider Man,Marvel,2002,https://i.etsystatic.com/27043408/r/il/74bda1/3449896728/il_fullxfull.3449896728_mwly.jpg,https://upload.wikimedia.org/wikipedia/commons/thumb/b/b9/Marvel_Logo.svg/2560px-Marvel_Logo.svg.png,TUN,12356000,TN,AF,9.0,34.0
Venezuela,Spider Man,Marvel,2002,https://i.etsystatic.com/27043408/r/il/74bda1/3449896728/il_fullxfull.3449896728_mwly.jpg,https://upload.wikimedia.org/wikipedia/commons/thumb/b/b9/Marvel_Logo.svg/2560px-Marvel_Logo.svg.png,VEN,28213360,VE,SA,-66.0,8.0
Australia,Captain Marvel,Marvel,2019,https://i.pinimg.com/originals/61/df/0e/61df0e4d118e55d32751f8fc285be77c.jpg,https://upload.wikimedia.org/wikipedia/commons/thumb/b/b9/Marvel_Logo.svg/2560px-Marvel_Logo.svg.png,AUS,26177000,AU,OC,135.0,-25.0
Austria,Captain Marvel,Marvel,2019,https://i.pinimg.com/originals/61/df/0e/61df0e4d118e55d32751f8fc285be77c.jpg,https://upload.wikimedia.org/wikipedia/commons/thumb/b/b9/Marvel_Logo.svg/2560px-Marvel_Logo.svg.png,AUT,8940000,AT,EU,13.33,47.33
Brunei,Captain Marvel,Marvel,2019,https://i.pinimg.com/originals/61/df/0e/61df0e4d118e55d32751f8fc285be77c.jpg,https://upload.wikimedia.org/wikipedia/commons/thumb/b/b9/Marvel_Logo.svg/2560px-Marvel_Logo.svg.png,BRN,445373,,,,
Denmark,Captain Marvel,Marvel,2019,https://i.pinimg.com/originals/61/df/0e/61df0e4d118e55d32751f8fc285be77c.jpg,https://upload.wikimedia.org/wikipedia/commons/thumb/b/b9/Marvel_Logo.svg/2560px-Marvel_Logo.svg.png,DNK,5882000,DK,EU,10.0,56.0
Hong Kong S.A.R.,Captain Marvel,Marvel,2019,https://i.pinimg.com/originals/61/df/0e/61df0e4d118e55d32751f8fc285be77c.jpg,https://upload.wikimedia.org/wikipedia/commons/thumb/b/b9/Marvel_Logo.svg/2560px-Marvel_Logo.svg.png,HKG,7496981,,,,
Iceland,Captain Marvel,Marvel,2019,https://i.pinimg.com/originals/61/df/0e/61df0e4d118e55d32751f8fc285be77c.jpg,https://upload.wikimedia.org/wikipedia/commons/thumb/b/b9/Marvel_Logo.svg/2560px-Marvel_Logo.svg.png,ISL,373000,IS,EU,-18.0,65.0
Indonesia,Captain Marvel,Marvel,2019,https://i.pinimg.com/originals/61/df/0e/61df0e4d118e55d32751f8fc285be77c.jpg,https://upload.wikimedia.org/wikipedia/commons/thumb/b/b9/Marvel_Logo.svg/2560px-Marvel_Logo.svg.png,IDN,275501000,ID,AS,120.0,-5.0
Lebanon,Captain Marvel,Marvel,2019,https://i.pinimg.com/originals/61/df/0e/61df0e4d118e55d32751f8fc285be77c.jpg,https://upload.wikimedia.org/wikipedia/commons/thumb/b/b9/Marvel_Logo.svg/2560px-Marvel_Logo.svg.png,LBN,5490000,LB,AS,35.83,33.83
Malaysia,Captain Marvel,Marvel,2019,https://i.pinimg.com/originals/61/df/0e/61df0e4d118e55d32751f8fc285be77c.jpg,https://upload.wikimedia.org/wikipedia/commons/thumb/b/b9/Marvel_Logo.svg/2560px-Marvel_Logo.svg.png,MYS,33938000,MY,AS,101.97,4.22
Nepal,Captain Marvel,Marvel,2019,https://i.pinimg.com/originals/61/df/0e/61df0e4d118e55d32751f8fc285be77c.jpg,https://upload.wikimedia.org/wikipedia/commons/thumb/b/b9/Marvel_Logo.svg/2560px-Marvel_Logo.svg.png,NPL,30548000,NP,AS,84.0,28.0
Philippines,Captain Marvel,Marvel,2019,https://i.pinimg.com/originals/61/df/0e/61df0e4d118e55d32751f8fc285be77c.jpg,https://upload.wikimedia.org/wikipedia/commons/thumb/b/b9/Marvel_Logo.svg/2560px-Marvel_Logo.svg.png,PHL,115559000,PH,AS,122.0,13.0
Singapore,Captain Marvel,Marvel,2019,https://i.pinimg.com/originals/61/df/0e/61df0e4d118e55d32751f8fc285be77c.jpg,https://upload.wikimedia.org/wikipedia/commons/thumb/b/b9/Marvel_Logo.svg/2560px-Marvel_Logo.svg.png,SGP,5976000,SG,AS,103.8,1.37
Sweden,Captain Marvel,Marvel,2019,https://i.pinimg.com/originals/61/df/0e/61df0e4d118e55d32751f8fc285be77c.jpg,https://upload.wikimedia.org/wikipedia/commons/thumb/b/b9/Marvel_Logo.svg/2560px-Marvel_Logo.svg.png,SWE,10549000,SE,EU,15.0,62.0
United Kingdom,Captain Marvel,Marvel,2019,https://i.pinimg.com/originals/61/df/0e/61df0e4d118e55d32751f8fc285be77c.jpg,https://upload.wikimedia.org/wikipedia/commons/thumb/b/b9/Marvel_Logo.svg/2560px-Marvel_Logo.svg.png,GBR,67509000,GB,EU,-4.5,54.0
Chile,Deadpol,Marvel,2016,https://www.tailorbrands.com/wp-content/uploads/2020/03/Deadpool-.jpg,https://upload.wikimedia.org/wikipedia/commons/thumb/b/b9/Marvel_Logo.svg/2560px-Marvel_Logo.svg.png,CHL,19604000,CL,SA,-71.0,-30.0
Colombia,Deadpol,Marvel,2016,https://www.tailorbrands.com/wp-content/uploads/2020/03/Deadpool-.jpg,https://upload.wikimedia.org/wikipedia/commons/thumb/b/b9/Marvel_Logo.svg/2560px-Marvel_Logo.svg.png,COL,51874000,CO,SA,-72.0,4.0
Costa Rica,Deadpol,Marvel,2016,https://www.tailorbrands.com/wp-content/uploads/2020/03/Deadpool-.jpg,https://upload.wikimedia.org/wikipedia/commons/thumb/b/b9/Marvel_Logo.svg/2560px-Marvel_Logo.svg.png,CRI,5181000,CR,NA,-84.0,10.0
Dominican Republic,Deadpol,Marvel,2016,https://www.tailorbrands.com/wp-content/uploads/2020/03/Deadpool-.jpg,https://upload.wikimedia.org/wikipedia/commons/thumb/b/b9/Marvel_Logo.svg/2560px-Marvel_Logo.svg.png,DOM,11229000,DO,NA,-70.67,19.0
El Salvador,Deadpol,Marvel,2016,https://www.tailorbrands.com/wp-content/uploads/2020/03/Deadpool-.jpg,https://upload.wikimedia.org/wikipedia/commons/thumb/b/b9/Marvel_Logo.svg/2560px-Marvel_Logo.svg.png,SLV,6336000,SV,NA,-88.92,13.83
Guatemala,Deadpol,Marvel,2016,https://www.tailorbrands.com/wp-content/uploads/2020/03/Deadpool-.jpg,https://upload.wikimedia.org/wikipedia/commons/thumb/b/b9/Marvel_Logo.svg/2560px-Marvel_Logo.svg.png,GTM,17844000,GT,NA,-90.25,15.5
Honduras,Deadpol,Marvel,2016,https://www.tailorbrands.com/wp-content/uploads/2020/03/Deadpool-.jpg,https://upload.wikimedia.org/wikipedia/commons/thumb/b/b9/Marvel_Logo.svg/2560px-Marvel_Logo.svg.png,HND,10433000,HN,NA,-86.5,15.0
Hungary,Deadpol,Marvel,2016,https://www.tailorbrands.com/wp-content/uploads/2020/03/Deadpool-.jpg,https://upload.wikimedia.org/wikipedia/commons/thumb/b/b9/Marvel_Logo.svg/2560px-Marvel_Logo.svg.png,HUN,9967000,HU,EU,20.0,47.0
Latvia,Deadpol,Marvel,2016,https://www.tailorbrands.com/wp-content/uploads/2020/03/Deadpool-.jpg,https://upload.wikimedia.org/wikipedia/commons/thumb/b/b9/Marvel_Logo.svg/2560px-Marvel_Logo.svg.png,LVA,1851000,LV,EU,25.0,57.0
Lithuania,Deadpol,Marvel,2016,https://www.tailorbrands.com/wp-content/uploads/2020/03/Deadpool-.jpg,https://upload.wikimedia.org/wikipedia/commons/thumb/b/b9/Marvel_Logo.svg/2560px-Marvel_Logo.svg.png,LTU,2750000,LT,EU,24.0,56.0
Nicaragua,Deadpol,Marvel,2016,https://www.tailorbrands.com/wp-content/uploads/2020/03/Deadpool-.jpg,https://upload.wikimedia.org/wikipedia/commons/thumb/b/b9/Marvel_Logo.svg/2560px-Marvel_Logo.svg.png,NIC,6948000,NI,NA,-85.0,13.0
Paraguay,Deadpol,Marvel,2016,https://www.tailorbrands.com/wp-content/uploads/2020/03/Deadpool-.jpg,https://upload.wikimedia.org/wikipedia/commons/thumb/b/b9/Marvel_Logo.svg/2560px-Marvel_Logo.svg.png,PRY,6781000,PY,SA,-58.0,-23.0
Uruguay,Deadpol,Marvel,2016,https://www.tailorbrands.com/wp-content/uploads/2020/03/Deadpool-.jpg,https://upload.wikimedia.org/wikipedia/commons/thumb/b/b9/Marvel_Logo.svg/2560px-Marvel_Logo.svg.png,URY,3423000,UY,SA,-56.0,-33.0
Bhutan,Deadpol,Marvel,2016,https://www.tailorbrands.com/wp-content/uploads/2020/03/Deadpool-.jpg,https://upload.wikimedia.org/wikipedia/commons/thumb/b/b9/Marvel_Logo.svg/2560px-Marvel_Logo.svg.png,BTN,782000,BT,AS,90.5,27.5
Angola,Deadpol,Marvel,2016,https://www.tailorbrands.com/wp-content/uploads/2020/03/Deadpool-.jpg,https://upload.wikimedia.org/wikipedia/commons/thumb/b/b9/Marvel_Logo.svg/2560px-Marvel_Logo.svg.png,AGO,35589000,AO,AF,18.5,-12.5
Moldova,Deadpol,Marvel,2016,https://www.tailorbrands.com/wp-content/uploads/2020/03/Deadpool-.jpg,https://upload.wikimedia.org/wikipedia/commons/thumb/b/b9/Marvel_Logo.svg/2560px-Marvel_Logo.svg.png,MDA,4008061,MD,EU,29.0,47.0
Poland,Deadpol,Marvel,2016,https://www.tailorbrands.com/wp-content/uploads/2020/03/Deadpool-.jpg,https://upload.wikimedia.org/wikipedia/commons/thumb/b/b9/Marvel_Logo.svg/2560px-Marvel_Logo.svg.png,POL,39857000,PL,EU,20.0,52.0
Romania,Deadpol,Marvel,2016,https://www.tailorbrands.com/wp-content/uploads/2020/03/Deadpool-.jpg,https://upload.wikimedia.org/wikipedia/commons/thumb/b/b9/Marvel_Logo.svg/2560px-Marvel_Logo.svg.png,ROU,19659000,RO,EU,25.0,46.0
Seychelles,Deadpol,Marvel,2016,https://www.tailorbrands.com/wp-content/uploads/2020/03/Deadpool-.jpg,https://upload.wikimedia.org/wikipedia/commons/thumb/b/b9/Marvel_Logo.svg/2560px-Marvel_Logo.svg.png,SYC,107000,SC,AF,55.67,-4.58
The Bahamas,Wonder Woman,DC,2017,https://www.tailorbrands.com/wp-content/uploads/2020/03/Wonder-Woman.jpg,https://upload.wikimedia.org/wikipedia/commons/3/3d/DC_Comics_logo.svg,BHS,407906,,,,
Croatia,Wonder Woman,DC,2017,https://www.tailorbrands.com/wp-content/uploads/2020/03/Wonder-Woman.jpg,https://upload.wikimedia.org/wikipedia/commons/3/3d/DC_Comics_logo.svg,HRV,4030000,HR,EU,15.5,45.17
Finland,Wonder Woman,DC,2017,https://www.tailorbrands.com/wp-content/uploads/2020/03/Wonder-Woman.jpg,https://upload.wikimedia.org/wikipedia/commons/3/3d/DC_Comics_logo.svg,FIN,5541000,FI,EU,26.0,64.0
France,Wonder Woman,DC,2017,https://www.tailorbrands.com/wp-content/uploads/2020/03/Wonder-Woman.jpg,https://upload.wikimedia.org/wikipedia/commons/3/3d/DC_Comics_logo.svg,FRA,64627000,FR,EU,2.0,46.0
Iraq,Wonder Woman,DC,2017,https://www.tailorbrands.com/wp-content/uploads/2020/03/Wonder-Woman.jpg,https://upload.wikimedia.org/wikipedia/commons/3/3d/DC_Comics_logo.svg,IRQ,44496000,IQ,AS,44.0,33.0
Israel,Wonder Woman,DC,2017,https://www.tailorbrands.com/wp-content/uploads/2020/03/Wonder-Woman.jpg,https://upload.wikimedia.org/wikipedia/commons/3/3d/DC_Comics_logo.svg,ISR,9038000,IL,AS,34.75,31.5
Netherlands,Wonder Woman,DC,2017,https://www.tailorbrands.com/wp-content/uploads/2020/03/Wonder-Woman.jpg,https://upload.wikimedia.org/wikipedia/commons/3/3d/DC_Comics_logo.svg,NLD,17564000,NL,EU,5.75,52.5
Puerto Rico,Wonder Woman,DC,2017,https://www.tailorbrands.com/wp-content/uploads/2020/03/Wonder-Woman.jpg,https://upload.wikimedia.org/wikipedia/commons/3/3d/DC_Comics_logo.svg,PRI,3252000,PR,NA,-66.55,18.23
Republic of Serbia,Wonder Woman,DC,2017,https://www.tailorbrands.com/wp-content/uploads/2020/03/Wonder-Woman.jpg,https://upload.wikimedia.org/wikipedia/commons/3/3d/DC_Comics_logo.svg,SRB,8640159,RS,EU,,
Switzerland,Wonder Woman,DC,2017,https://www.tailorbrands.com/wp-content/uploads/2020/03/Wonder-Woman.jpg,https://upload.wikimedia.org/wikipedia/commons/3/3d/DC_Comics_logo.svg,CHE,8740000,CH,EU,8.0,47.0
Taiwan,Wonder Woman,DC,2017,https://www.tailorbrands.com/wp-content/uploads/2020/03/Wonder-Woman.jpg,https://upload.wikimedia.org/wikipedia/commons/3/3d/DC_Comics_logo.svg,TWN,23935806,,,,
Vietnam,Wonder Woman,DC,2017,https://www.tailorbrands.com/wp-content/uploads/2020/03/Wonder-Woman.jpg,https://upload.wikimedia.org/wikipedia/commons/3/3d/DC_Comics_logo.svg,VNM,99760971,,,,
Bolivia,Avengers,Marvel,2012,https://www.tailorbrands.com/wp-content/uploads/2020/03/The-Avengers.jpg,https://upload.wikimedia.org/wikipedia/commons/thumb/b/b9/Marvel_Logo.svg/2560px-Marvel_Logo.svg.png,BOL,12113583,BO,SA,-65.0,-17.0
Egypt,Avengers,Marvel,2012,https://www.tailorbrands.com/wp-content/uploads/2020/03/The-Avengers.jpg,https://upload.wikimedia.org/wikipedia/commons/thumb/b/b9/Marvel_Logo.svg/2560px-Marvel_Logo.svg.png,EGY,110990000,EG,AF,30.0,27.0
India,Avengers,Marvel,2012,https://www.tailorbrands.com/wp-content/uploads/2020/03/The-Avengers.jpg,https://upload.wikimedia.org/wikipedia/commons/thumb/b/b9/Marvel_Logo.svg/2560px-Marvel_Logo.svg.png,IND,1417173000,IN,AS,77.0,20.0
Panama,Avengers,Marvel,2012,https://www.tailorbrands.com/wp-content/uploads/2020/03/The-Avengers.jpg,https://upload.wikimedia.org/wikipedia/commons/thumb/b/b9/Marvel_Logo.svg/2560px-Marvel_Logo.svg.png,PAN,4409000,PA,NA,-80.0,9.0
Suriname,Avengers,Marvel,2012,https://www.tailorbrands.com/wp-content/uploads/2020/03/The-Avengers.jpg,https://upload.wikimedia.org/wikipedia/commons/thumb/b/b9/Marvel_Logo.svg/2560px-Marvel_Logo.svg.png,SUR,618000,SR,SA,-56.0,4.0
Kyrgyzstan,Avengers,Marvel,2012,https://www.tailorbrands.com/wp-content/uploads/2020/03/The-Avengers.jpg,https://upload.wikimedia.org/wikipedia/commons/thumb/b/b9/Marvel_Logo.svg/2560px-Marvel_Logo.svg.png,KGZ,6631000,KG,AS,75.0,41.0
Bangladesh,Justice League,DC,2017,https://static.wikia.nocookie.net/logopedia/images/9/95/DC_Justice_JL_Logo.jpg/revision/latest?cb=20170906131728,https://upload.wikimedia.org/wikipedia/commons/3/3d/DC_Comics_logo.svg,BGD,171186000,BD,AS,90.0,24.0
Fiji,Justice League,DC,2017,https://static.wikia.nocookie.net/logopedia/images/9/95/DC_Justice_JL_Logo.jpg/revision/latest?cb=20170906131728,https://upload.wikimedia.org/wikipedia/commons/3/3d/DC_Comics_logo.svg,FJI,930000,FJ,OC,178.0,-18.0
Libya,Justice League,DC,2017,https://static.wikia.nocookie.net/logopedia/images/9/95/DC_Justice_JL_Logo.jpg/revision/latest?cb=20170906131728,https://upload.wikimedia.org/wikipedia/commons/3/3d/DC_Comics_logo.svg,LBY,6812000,,,,
Maldives,Justice League,DC,2017,https://static.wikia.nocookie.net/logopedia/images/9/95/DC_Justice_JL_Logo.jpg/revision/latest?cb=20170906131728,https://upload.wikimedia.org/wikipedia/commons/3/3d/DC_Comics_logo.svg,MDV,524000,MV,AS,73.0,3.2
Malta,Justice League,DC,2017,https://static.wikia.nocookie.net/logopedia/images/9/95/DC_Justice_JL_Logo.jpg/revision/latest?cb=20170906131728,https://upload.wikimedia.org/wikipedia/commons/3/3d/DC_Comics_logo.svg,MLT,533000,MT,EU,14.42,35.92
Mauritius,Justice League,DC,2017,https://static.wikia.nocookie.net/logopedia/images/9/95/DC_Justice_JL_Logo.jpg/revision/latest?cb=20170906131728,https://upload.wikimedia.org/wikipedia/commons/3/3d/DC_Comics_logo.svg,MUS,1299000,MU,AF,57.58,-20.3
Pakistan,Justice League,DC,2017,https://static.wikia.nocookie.net/logopedia/images/9/95/DC_Justice_JL_Logo.jpg/revision/latest?cb=20170906131728,https://upload.wikimedia.org/wikipedia/commons/3/3d/DC_Comics_logo.svg,PAK,235825000,PK,AS,70.0,30.0
Saint Vincent and the Grenadines,Justice League,DC,2017,https://static.wikia.nocookie.net/logopedia/images/9/95/DC_Justice_JL_Logo.jpg/revision/latest?cb=20170906131728,https://upload.wikimedia.org/wikipedia/commons/3/3d/DC_Comics_logo.svg,VCT,104000,VC,NA,-61.2,13.08
Sri Lanka,Justice League,DC,2017,https://static.wikia.nocookie.net/logopedia/images/9/95/DC_Justice_JL_Logo.jpg/revision/latest?cb=20170906131728,https://upload.wikimedia.org/wikipedia/commons/3/3d/DC_Comics_logo.svg,LKA,21832000,LK,AS,81.0,7.0
Brazil,Aquaman,DC,2017,https://i.pinimg.com/originals/70/06/83/700683cff5c3e629b5f381f797000a2c.png,https://upload.wikimedia.org/wikipedia/commons/3/3d/DC_Comics_logo.svg,BRA,215313000,BR,SA,-55.0,-10.0
Cambodia,Aquaman,DC,2017,https://i.pinimg.com/originals/70/06/83/700683cff5c3e629b5f381f797000a2c.png,https://upload.wikimedia.org/wikipedia/commons/3/3d/DC_Comics_logo.svg,KHM,16768000,KH,AS,105.0,13.0
Cape Verde,Aquaman,DC,2017,https://i.pinimg.com/originals/70/06/83/700683cff5c3e629b5f381f797000a2c.png,https://upload.wikimedia.org/wikipedia/commons/3/3d/DC_Comics_logo.svg,CPV,587925,CV,AF,-24.0,16.0
Gibraltar,Aquaman,DC,2017,https://i.pinimg.com/originals/70/06/83/700683cff5c3e629b5f381f797000a2c.png,https://upload.wikimedia.org/wikipedia/commons/3/3d/DC_Comics_logo.svg,GIB,33000,GI,EU,-5.35,36.13
Mozambique,Aquaman,DC,2017,https://i.pinimg.com/originals/70/06/83/700683cff5c3e629b5f381f797000a2c.png,https://upload.wikimedia.org/wikipedia/commons/3/3d/DC_Comics_logo.svg,MOZ,32970000,MZ,AF,35.0,-18.25
Czech Republic,Venom,Marvel,2018,https://w7.pngwing.com/pngs/157/371/png-transparent-black-venom-logo-spider-man-and-venom-maximum-carnage-spider-man-and-venom-maximum-carnage-eddie-brock-flash-thompson-venom-comics-logo-monochrome-thumbnail.png,https://upload.wikimedia.org/wikipedia/commons/thumb/b/b9/Marvel_Logo.svg/2560px-Marvel_Logo.svg.png,CZE,10763840,CZ,EU,15.0,49.75
Kazakhstan,Venom,Marvel,2018,https://w7.pngwing.com/pngs/157/371/png-transparent-black-venom-logo-spider-man-and-venom-maximum-carnage-spider-man-and-venom-maximum-carnage-eddie-brock-flash-thompson-venom-comics-logo-monochrome-thumbnail.png,https://upload.wikimedia.org/wikipedia/commons/thumb/b/b9/Marvel_Logo.svg/2560px-Marvel_Logo.svg.png,KAZ,19398000,KZ,AS,68.0,48.0
Palestine,Venom,Marvel,2018,https://w7.pngwing.com/pngs/157/371/png-transparent-black-venom-logo-spider-man-and-venom-maximum-carnage-spider-man-and-venom-maximum-carnage-eddie-brock-flash-thompson-venom-comics-logo-monochrome-thumbnail.png,https://upload.wikimedia.org/wikipedia/commons/thumb/b/b9/Marvel_Logo.svg/2560px-Marvel_Logo.svg.png,PSE,5429733,PL,,,
Ukraine,Venom,Marvel,2018,https://w7.pngwing.com/pngs/157/371/png-transparent-black-venom-logo-spider-man-and-venom-maximum-carnage-spider-man-and-venom-maximum-carnage-eddie-brock-flash-thompson-venom-comics-logo-monochrome-thumbnail.png,https://upload.wikimedia.org/wikipedia/commons/thumb/b/b9/Marvel_Logo.svg/2560px-Marvel_Logo.svg.png,UKR,39702000,UA,EU,32.0,49.0
Cyprus,Joker,DC,2019,https://www.citypng.com/public/uploads/preview/-11599526042gcb73dh3ok.png,https://upload.wikimedia.org/wikipedia/commons/3/3d/DC_Comics_logo.svg,CYP,1251000,CY,AS,33.0,35.0
Georgia,Joker,DC,2019,https://www.citypng.com/public/uploads/preview/-11599526042gcb73dh3ok.png,https://upload.wikimedia.org/wikipedia/commons/3/3d/DC_Comics_logo.svg,GEO,3744000,GE,AS,43.5,42.0
Greece,Joker,DC,2019,https://www.citypng.com/public/uploads/preview/-11599526042gcb73dh3ok.png,https://upload.wikimedia.org/wikipedia/commons/3/3d/DC_Comics_logo.svg,GRC,10385000,GR,EU,22.0,39.0
Mongolia,Joker,DC,2019,https://www.citypng.com/public/uploads/preview/-11599526042gcb73dh3ok.png,https://upload.wikimedia.org/wikipedia/commons/3/3d/DC_Comics_logo.svg,MNG,3398000,MN,AS,105.0,46.0
Norway,Joker,DC,2019,https://www.citypng.com/public/uploads/preview/-11599526042gcb73dh3ok.png,https://upload.wikimedia.org/wikipedia/commons/3/3d/DC_Comics_logo.svg,NOR,5434000,NO,EU,10.0,62.0
Portugal,Joker,DC,2019,https://www.citypng.com/public/uploads/preview/-11599526042gcb73dh3ok.png,https://upload.wikimedia.org/wikipedia/commons/3/3d/DC_Comics_logo.svg,PRT,10271000,PT,EU,-8.0,39.5
Slovenia,Joker,DC,2019,https://www.citypng.com/public/uploads/preview/-11599526042gcb73dh3ok.png,https://upload.wikimedia.org/wikipedia/commons/3/3d/DC_Comics_logo.svg,SVN,2120000,SI,EU,15.17,46.25
Tajikistan,Joker,DC,2019,https://www.citypng.com/public/uploads/preview/-11599526042gcb73dh3ok.png,https://upload.wikimedia.org/wikipedia/commons/3/3d/DC_Comics_logo.svg,TJK,9953000,TJ,AS,71.0,39.0
Turkey,Joker,DC,2019,https://www.citypng.com/public/uploads/preview/-11599526042gcb73dh3ok.png,https://upload.wikimedia.org/wikipedia/commons/3/3d/DC_Comics_logo.svg,TUR,86849536,TR,AS,35.0,39.0
Russia,Batman,DC,2005,https://www.tailorbrands.com/wp-content/uploads/2020/03/Batman.jpg,https://upload.wikimedia.org/wikipedia/commons/3/3d/DC_Comics_logo.svg,RUS,145934462,RF,AS,66.25,94.15
Germany,Guardians of the Galaxy,Marvel,2014,https://i.pinimg.com/736x/f7/d8/08/f7d8088207f5090836428bd984b229ca.jpg,https://upload.wikimedia.org/wikipedia/commons/thumb/b/b9/Marvel_Logo.svg/2560px-Marvel_Logo.svg.png,DEU,83370000,DE,EU,10.5,51.5
Belarus,Suicide Squad,DC,2016,https://static.wikia.nocookie.net/logopedia/images/0/02/Suicidesquad-logo-big.png/revision/latest?cb=20190405050504,https://upload.wikimedia.org/wikipedia/commons/3/3d/DC_Comics_logo.svg,BLR,9535000,BY,EU,28.0,53.0
Luxembourg,Superman,DC,2001,https://www.tailorbrands.com/wp-content/uploads/2020/03/Superman.jpg,https://upload.wikimedia.org/wikipedia/commons/3/3d/DC_Comics_logo.svg,LUX,648000,LU,EU,6.17,49.75
Japan,X-Men,Marvel,2000,https://upload.wikimedia.org/wikipedia/commons/thumb/2/28/X_symbol_from_X-Men_logo.svg/2048px-X_symbol_from_X-Men_logo.svg.png,https://upload.wikimedia.org/wikipedia/commons/thumb/b/b9/Marvel_Logo.svg/2560px-Marvel_Logo.svg.png,JPN,123952000,JP,AS,138.0,36.0